State,Year,NumberOfClaimsClosedWithPayment,TotalPaid
Alabama,1996,178,1720417.52
Alabama,1997,639,9901536.68
Alabama,1998,3707,63139931.84
Alabama,1999,312,5444262.91
Alabama,2000,146,1664539.28
Alabama,2001,65,628859.49
Alabama,2002,844,6237306.4
Alabama,2003,418,6257000.99
Alabama,2004,5842,317080884.24
Alabama,2005,5209,237370361.75
Alabama,2006,35,784780.58
Alabama,2007,40,812944.8
Alabama,2008,404,3985548.1
Alabama,2009,490,9788909.75
Alabama,2010,87,1002954.51
Alabama,2011,232,5753708.92
Alabama,2012,238,2818162.1
Alabama,2013,116,1960322.58
Alabama,2014,1078,48771604.46
Alabama,2015,315,8327026.82
Alabama,2016,27,309951.35
Alaska,1996,4,33007.94
Alaska,1997,6,5153.4
Alaska,1998,1,3155.07
Alaska,1999,3,25043.29
Alaska,2000,2,9395.08
Alaska,2001,2,7040.56
Alaska,2002,19,285474.45
Alaska,2003,13,155093.95
Alaska,2004,5,75710.53
Alaska,2005,10,215431.39
Alaska,2006,23,319751.64
Alaska,2007,2,16757.03
Alaska,2008,50,672836.82
Alaska,2009,11,336012.96
Alaska,2011,5,108427.98
Alaska,2012,41,743947.56
Alaska,2013,24,1572826.21
Alaska,2014,11,269495.39
Alaska,2015,2,23885.92
Alaska,2016,2,18170.87
Arizona,1996,12,165837.43
Arizona,1997,33,224604.39
Arizona,1998,22,180642.8
Arizona,1999,20,140564.83
Arizona,2000,34,277636.24
Arizona,2001,12,69027.45
Arizona,2002,32,271674.59
Arizona,2003,36,473777.82
Arizona,2004,71,1522418.12
Arizona,2005,55,982981.07
Arizona,2006,75,2276754.41
Arizona,2007,58,1321201.21
Arizona,2008,28,497796.94
Arizona,2009,6,49692.02
Arizona,2010,91,2592301.46
Arizona,2011,14,175221.64
Arizona,2012,18,398462.73
Arizona,2013,35,1147371.68
Arizona,2014,176,6994782.84
Arizona,2015,22,257787.86
Arizona,2016,65,1251716.9
Arkansas,1996,21,205112.07
Arkansas,1997,141,1386150.6
Arkansas,1998,81,1128456.88
Arkansas,1999,24,119645.15
Arkansas,2000,19,216305.6
Arkansas,2001,139,1418103.74
Arkansas,2002,63,651627.95
Arkansas,2003,99,1359564.49
Arkansas,2004,107,1816133.49
Arkansas,2005,15,288350.27
Arkansas,2006,50,814984.81
Arkansas,2007,36,405702.38
Arkansas,2008,491,12571791.78
Arkansas,2009,500,10137288.7
Arkansas,2010,138,3839662.47
Arkansas,2011,873,25267004.22
Arkansas,2012,24,406423.97
Arkansas,2013,104,2812616.25
Arkansas,2014,97,1980269.23
Arkansas,2015,256,8315402.22
Arkansas,2016,186,4279337.69
California,1996,500,7233597.16
California,1997,1998,36694493.57
California,1998,4110,52621719.31
California,1999,71,981931.27
California,2000,158,1077910.76
California,2001,227,2424497.55
California,2002,227,3295733.33
California,2003,112,1483396.25
California,2004,277,4059234.75
California,2005,2018,62543123.98
California,2006,387,11950978.49
California,2007,11,148617.66
California,2008,137,2497349.06
California,2009,50,807614.02
California,2010,425,8715670.41
California,2011,97,1272787.8
California,2012,133,2599330.72
California,2013,26,1295688.17
California,2014,339,13465708.55
California,2015,45,899755.28
California,2016,135,3014723.74
Colorado,1996,27,85564.32
Colorado,1997,99,618521.38
Colorado,1998,37,260900.64
Colorado,1999,154,1750583.96
Colorado,2000,13,33461.62
Colorado,2001,22,117840.88
Colorado,2002,15,435778.97
Colorado,2003,8,20508.36
Colorado,2004,14,61976.13
Colorado,2005,7,23036.52
Colorado,2006,9,81636.52
Colorado,2007,18,295805.53
Colorado,2008,19,60172.36
Colorado,2009,21,200929.64
Colorado,2010,25,186063.25
Colorado,2011,34,385927.32
Colorado,2012,31,420627.99
Colorado,2013,1595,54236668.66
Colorado,2014,34,320718
Colorado,2015,182,1390439.85
Colorado,2016,13,101138.14
Connecticut,1996,686,6691985.57
Connecticut,1997,11,48710.04
Connecticut,1998,60,410757.94
Connecticut,1999,142,1394848.4
Connecticut,2000,99,407439.59
Connecticut,2001,65,1211868.92
Connecticut,2002,26,175462.34
Connecticut,2003,47,263731.97
Connecticut,2004,61,283938.11
Connecticut,2005,410,5479338.89
Connecticut,2006,231,2755618.24
Connecticut,2007,946,13357315.3
Connecticut,2008,91,798409.32
Connecticut,2009,37,529029.23
Connecticut,2010,637,6692642.83
Connecticut,2011,3163,80672899.15
Connecticut,2012,5403,228563169.84
Connecticut,2013,40,337928.38
Connecticut,2014,40,378317.12
Connecticut,2015,7,65652.41
Connecticut,2016,5,35641.41
Delaware,1996,39,251049.1
Delaware,1997,5,10829.11
Delaware,1998,558,5720144.77
Delaware,1999,144,2481527.98
Delaware,2000,16,166343.88
Delaware,2001,6,63060.04
Delaware,2002,5,7418.45
Delaware,2003,192,4245741.01
Delaware,2004,63,1411921.71
Delaware,2005,6,32773.26
Delaware,2006,37,500777.58
Delaware,2007,11,87059.9
Delaware,2008,102,1307459.41
Delaware,2009,94,726898.33
Delaware,2010,27,228775.45
Delaware,2011,138,2082751.89
Delaware,2012,1269,16426053.42
Delaware,2013,34,243840.53
Delaware,2014,21,207378.52
Delaware,2015,25,94675.75
Delaware,2016,104,1166935.31
District of Columbia,1996,5,82601.42
District of Columbia,1998,1,22532.7
District of Columbia,1999,1,10901
District of Columbia,2001,1,1155.59
District of Columbia,2003,8,15903.35
District of Columbia,2004,1,6732.54
District of Columbia,2005,1,1204.66
District of Columbia,2006,9,39045.48
District of Columbia,2008,11,60507.87
District of Columbia,2009,4,8215.5
District of Columbia,2010,10,45591.59
District of Columbia,2011,9,23979.46
District of Columbia,2012,5,87155.79
District of Columbia,2013,7,26078.13
District of Columbia,2014,10,25186.64
District of Columbia,2015,7,32227.06
District of Columbia,2016,1,2980.99
Florida,1996,6470,98892829.16
Florida,1997,1375,10595119.21
Florida,1998,7281,84452114.54
Florida,1999,14909,113312139.16
Florida,2000,9360,126319921.58
Florida,2001,3022,37112451.03
Florida,2002,677,6095072.57
Florida,2003,1003,11470869.24
Florida,2004,20828,1147380940.58
Florida,2005,18735,535279953.5
Florida,2006,457,7816079.12
Florida,2007,367,4432313.56
Florida,2008,2678,53065737.66
Florida,2009,2160,55883378.89
Florida,2010,245,3613607.38
Florida,2011,1054,21550620.79
Florida,2012,2882,57025315.15
Florida,2013,1104,26213778.03
Florida,2014,2519,103932091.6
Florida,2015,1058,21917408.61
Florida,2016,4191,157621768.29
Georgia,1996,488,6256896.07
Georgia,1997,102,774754.45
Georgia,1998,1006,14105968.16
Georgia,1999,942,15456917.67
Georgia,2000,98,1028897.44
Georgia,2001,40,318005.56
Georgia,2002,111,1310025.35
Georgia,2003,310,3264065.09
Georgia,2004,774,26605353.86
Georgia,2005,723,13023021.93
Georgia,2006,42,748466.11
Georgia,2007,51,468490.78
Georgia,2008,33,633556.3
Georgia,2009,2396,114489035.42
Georgia,2010,120,1812589.1
Georgia,2011,42,429090.84
Georgia,2012,103,1863848.09
Georgia,2013,279,5802097.56
Georgia,2014,64,875382.42
Georgia,2015,410,8250081.68
Georgia,2016,471,12445824.67
Hawaii,1996,86,662340.87
Hawaii,1997,14,396362.05
Hawaii,1998,4,79246.45
Hawaii,1999,9,72324.49
Hawaii,2000,43,1433571.19
Hawaii,2001,13,176071.41
Hawaii,2002,22,320989.29
Hawaii,2003,65,1016822.72
Hawaii,2004,59,733305.88
Hawaii,2005,23,224245.3
Hawaii,2006,159,3104447.55
Hawaii,2007,57,1557312.39
Hawaii,2008,155,4982157.21
Hawaii,2009,18,242822.33
Hawaii,2010,29,723986.01
Hawaii,2011,80,3128522.81
Hawaii,2012,67,1575743.83
Hawaii,2013,7,179269.17
Hawaii,2014,43,1584843.56
Hawaii,2015,12,545798.4
Hawaii,2016,24,857051.85
Idaho,1996,84,1537424.46
Idaho,1997,102,885990.09
Idaho,1998,5,28490.37
Idaho,1999,3,18691.55
Idaho,2000,1,1851.12
Idaho,2001,1,16748.72
Idaho,2002,10,108863.72
Idaho,2003,2,19487.45
Idaho,2004,1,4607.52
Idaho,2005,7,86666.59
Idaho,2006,52,496886.61
Idaho,2008,15,120546.18
Idaho,2009,12,107348.86
Idaho,2010,15,240609.85
Idaho,2011,18,198859.99
Idaho,2012,7,25524.19
Idaho,2013,5,28466.46
Idaho,2014,8,27416.66
Idaho,2015,5,29332.96
Idaho,2016,3,17566.35
Illinois,1996,1866,21508170.34
Illinois,1997,927,6545308.59
Illinois,1998,164,824095.58
Illinois,1999,174,1299599.38
Illinois,2000,180,1417712.89
Illinois,2001,622,5799226.65
Illinois,2002,500,4592273.59
Illinois,2003,198,883227.88
Illinois,2004,158,1046180.09
Illinois,2005,116,1007185.6
Illinois,2006,440,5212342.37
Illinois,2007,847,10781417.83
Illinois,2008,4287,87853492.65
Illinois,2009,413,4568449.72
Illinois,2010,1684,21994564.94
Illinois,2011,839,11979032.11
Illinois,2012,30,191043.9
Illinois,2013,3500,76455834.48
Illinois,2014,423,4278802.34
Illinois,2015,672,9440721.03
Illinois,2016,130,1429069.19
Indiana,1996,250,2420080.04
Indiana,1997,502,9161801.21
Indiana,1998,208,1894382.59
Indiana,1999,119,1171024.04
Indiana,2000,43,226215.48
Indiana,2001,36,211954.3
Indiana,2002,167,1068953.76
Indiana,2003,923,13369378.06
Indiana,2004,109,1058205.67
Indiana,2005,538,6852507.06
Indiana,2006,733,9006382.87
Indiana,2007,126,1124201.07
Indiana,2008,2788,89947128.28
Indiana,2009,514,10162355.06
Indiana,2010,66,677726.33
Indiana,2011,546,8402238.32
Indiana,2012,10,25056.73
Indiana,2013,657,15838889.49
Indiana,2014,73,878081.09
Indiana,2015,377,5991846.63
Indiana,2016,68,1061826.78
Iowa,1996,68,539078.37
Iowa,1997,98,637647.22
Iowa,1998,111,570488.68
Iowa,1999,797,6802999.35
Iowa,2000,17,138975.12
Iowa,2001,293,3463820.87
Iowa,2002,111,797386.57
Iowa,2003,6,12317.4
Iowa,2004,178,1754858.75
Iowa,2005,6,22402.14
Iowa,2006,3,6388.45
Iowa,2007,182,2725999.84
Iowa,2008,2552,100111399.67
Iowa,2009,55,515415.44
Iowa,2010,452,8358619.27
Iowa,2011,288,9855326.2
Iowa,2012,5,29127.67
Iowa,2013,270,2574300.83
Iowa,2014,401,5643941.79
Iowa,2015,47,436260.62
Iowa,2016,312,6299300.7
Kansas,1996,59,463089.54
Kansas,1997,72,1149632.72
Kansas,1998,452,9969485.43
Kansas,1999,69,611059.84
Kansas,2000,6,14849.71
Kansas,2001,43,535082.18
Kansas,2002,9,35604.25
Kansas,2003,47,651009.23
Kansas,2004,60,940245.93
Kansas,2005,165,2820148.89
Kansas,2006,1,185.5
Kansas,2007,465,10662715.68
Kansas,2008,120,2299768.8
Kansas,2009,117,3803706.21
Kansas,2010,72,1017688.72
Kansas,2011,96,2126432.05
Kansas,2012,11,91256.96
Kansas,2013,75,845999.43
Kansas,2014,16,156327.78
Kansas,2015,80,1288245.04
Kansas,2016,105,2281626.93
Kentucky,1996,348,2691296.13
Kentucky,1997,3283,66526277.37
Kentucky,1998,332,2398677.22
Kentucky,1999,47,249391.76
Kentucky,2000,169,1497586.06
Kentucky,2001,101,965802.51
Kentucky,2002,447,5161642.05
Kentucky,2003,629,5990500.9
Kentucky,2004,456,6753702.55
Kentucky,2005,316,8766154.07
Kentucky,2006,430,8689557
Kentucky,2007,98,845054.42
Kentucky,2008,233,2460883.65
Kentucky,2009,715,12184748.24
Kentucky,2010,968,28929458.06
Kentucky,2011,721,14773415.08
Kentucky,2012,44,904869.7
Kentucky,2013,255,5609611.57
Kentucky,2014,100,2019107.28
Kentucky,2015,928,19888127.47
Kentucky,2016,82,1149996.83
Louisiana,1996,631,4815313.35
Louisiana,1997,1802,18319598.48
Louisiana,1998,7048,59820004.98
Louisiana,1999,1003,12876299.64
Louisiana,2000,249,1502110.84
Louisiana,2001,6380,94241893.34
Louisiana,2002,8567,111579286.82
Louisiana,2003,1054,9094411.18
Louisiana,2004,1937,25402013.22
Louisiana,2005,141433,12521854037.15
Louisiana,2006,927,21874203.83
Louisiana,2007,332,3503609.35
Louisiana,2008,11113,346363763.33
Louisiana,2009,1954,31563731.99
Louisiana,2010,179,2463654.17
Louisiana,2011,1892,36000308.83
Louisiana,2012,10094,488536433.83
Louisiana,2013,751,17510568.29
Louisiana,2014,492,14529495.71
Louisiana,2015,472,12886186.76
Louisiana,2016,28857,2252522144.83
Maine,1996,138,1061488.86
Maine,1997,13,56540.85
Maine,1998,55,584056.16
Maine,1999,5,18684.42
Maine,2000,12,53191.33
Maine,2001,13,110193.41
Maine,2002,2,2262.81
Maine,2003,27,264118.69
Maine,2004,2,2598.5
Maine,2005,60,391436.66
Maine,2006,122,1510319.52
Maine,2007,281,4239293.12
Maine,2008,99,2014428.27
Maine,2009,13,79700.75
Maine,2010,65,678540.27
Maine,2011,21,352030.74
Maine,2012,19,156904.22
Maine,2013,21,457535.48
Maine,2014,20,401608.24
Maine,2015,3,6407.94
Maine,2016,3,53831.2
Maryland,1996,845,7999522.35
Maryland,1997,8,9515.61
Maryland,1998,364,2149156.58
Maryland,1999,207,1608739.81
Maryland,2000,21,118307.25
Maryland,2001,17,129035.85
Maryland,2002,10,184680.8
Maryland,2003,5132,143509105.85
Maryland,2004,95,962832.71
Maryland,2005,30,220037.4
Maryland,2006,309,4531992.29
Maryland,2007,7,37443.92
Maryland,2008,103,757179.5
Maryland,2009,100,691062.77
Maryland,2010,129,840043.61
Maryland,2011,447,6665905.45
Maryland,2012,1185,16924203.97
Maryland,2013,70,613654.42
Maryland,2014,240,1950667.72
Maryland,2015,53,434300.7
Maryland,2016,114,2413658.8
Massachusetts,1996,820,5300941.53
Massachusetts,1997,112,963895.43
Massachusetts,1998,363,2360699.82
Massachusetts,1999,68,417239.2
Massachusetts,2000,49,170608.53
Massachusetts,2001,699,4627355.54
Massachusetts,2002,40,560018.93
Massachusetts,2003,283,2825267.2
Massachusetts,2004,232,1053210.67
Massachusetts,2005,787,11349004.1
Massachusetts,2006,1163,23526325.23
Massachusetts,2007,405,6515911.5
Massachusetts,2008,148,1150682.87
Massachusetts,2009,82,778101.86
Massachusetts,2010,1831,22634574.04
Massachusetts,2011,299,4506809.44
Massachusetts,2012,153,2629147.48
Massachusetts,2013,640,16988100.68
Massachusetts,2014,149,1453204.15
Massachusetts,2015,325,7984247.22
Massachusetts,2016,22,142747.24
Michigan,1996,93,650065.39
Michigan,1997,145,1010805.1
Michigan,1998,181,2317373.62
Michigan,1999,26,60522.56
Michigan,2000,91,555583.76
Michigan,2001,93,953435.94
Michigan,2002,19,103000.5
Michigan,2003,8,35920.54
Michigan,2004,399,4991223.92
Michigan,2005,41,543552.34
Michigan,2006,37,230838.2
Michigan,2007,27,365598.39
Michigan,2008,221,2131383.07
Michigan,2009,156,1971024.42
Michigan,2010,32,180984.96
Michigan,2011,189,1578554.78
Michigan,2012,74,863253.78
Michigan,2013,330,6083024.73
Michigan,2014,509,8358398.81
Michigan,2015,36,433166.38
Michigan,2016,51,468495.13
Minnesota,1996,273,1270550.37
Minnesota,1997,2665,51406499.12
Minnesota,1998,92,1627384.07
Minnesota,1999,82,1582444.98
Minnesota,2000,160,1752250.26
Minnesota,2001,541,5430675.15
Minnesota,2002,228,2493721.38
Minnesota,2003,27,288779.84
Minnesota,2004,91,2821015.96
Minnesota,2005,20,139916.64
Minnesota,2006,57,666912.7
Minnesota,2007,101,2818148.34
Minnesota,2008,48,415591.23
Minnesota,2009,379,6715197.71
Minnesota,2010,317,5253201.15
Minnesota,2011,289,2428591.97
Minnesota,2012,125,2851472.82
Minnesota,2013,61,525723.89
Minnesota,2014,183,2229765.28
Minnesota,2015,5,17411.39
Minnesota,2016,51,945626.85
Mississippi,1996,187,1308634.63
Mississippi,1997,656,8801487.35
Mississippi,1998,3081,45942180.85
Mississippi,1999,190,1849268.49
Mississippi,2000,85,603392.72
Mississippi,2001,700,8835444.08
Mississippi,2002,1640,16616096.72
Mississippi,2003,747,14786761.52
Mississippi,2004,184,2466500.09
Mississippi,2005,17068,2251775083.25
Mississippi,2006,52,659091.71
Mississippi,2007,50,683234.85
Mississippi,2008,1399,25012354.53
Mississippi,2009,592,11781113.6
Mississippi,2010,92,1694859.98
Mississippi,2011,850,39943596.2
Mississippi,2012,1648,35649893.69
Mississippi,2013,336,7938390.66
Mississippi,2014,183,4289746.41
Mississippi,2015,104,1541794.37
Mississippi,2016,600,17512918.56
Missouri,1996,393,2349377.31
Missouri,1997,155,974382.69
Missouri,1998,528,4355522.23
Missouri,1999,194,1993757.12
Missouri,2000,147,1547813.9
Missouri,2001,297,3161979.46
Missouri,2002,413,3882349.3
Missouri,2003,102,1021276
Missouri,2004,156,1389464.43
Missouri,2005,66,589246.12
Missouri,2006,62,1185287.59
Missouri,2007,325,8645335.35
Missouri,2008,2558,66361352.94
Missouri,2009,227,2080707.77
Missouri,2010,482,11242323.69
Missouri,2011,1155,39031448.64
Missouri,2012,10,39318.05
Missouri,2013,653,14548994.64
Missouri,2014,179,2805581
Missouri,2015,1239,42959262.33
Missouri,2016,129,2496772.79
Montana,1996,55,583566.51
Montana,1997,280,2001785.41
Montana,1998,7,32047.46
Montana,1999,2,20058.57
Montana,2001,5,108413.59
Montana,2002,4,4443.68
Montana,2003,7,63256.37
Montana,2004,1,1195.72
Montana,2005,4,19644.41
Montana,2006,5,16927.42
Montana,2007,7,79540.6
Montana,2008,13,121049.9
Montana,2009,2,14037.61
Montana,2010,7,14443.12
Montana,2011,313,3861240.93
Montana,2012,6,50220.13
Montana,2013,17,143694.34
Montana,2014,24,459045.3
Montana,2015,4,23373.12
Montana,2016,2,4454.52
Nebraska,1996,96,777368.38
Nebraska,1997,85,1350164.27
Nebraska,1998,28,222679.54
Nebraska,1999,47,410461.87
Nebraska,2000,5,18762.29
Nebraska,2001,18,106338.66
Nebraska,2002,9,22984.15
Nebraska,2003,6,32262.86
Nebraska,2004,12,215920.18
Nebraska,2005,24,215111.64
Nebraska,2006,4,26907.63
Nebraska,2007,55,764813.62
Nebraska,2008,136,1187904.75
Nebraska,2009,3,39820.84
Nebraska,2010,271,3926897.1
Nebraska,2011,227,5983002.63
Nebraska,2013,9,121113.64
Nebraska,2014,24,157172.75
Nebraska,2015,155,2212027.6
Nebraska,2016,54,221196.88
Nevada,1996,12,232264.28
Nevada,1997,237,6408610.41
Nevada,1998,20,283597.85
Nevada,1999,41,638383.17
Nevada,2000,4,23388.88
Nevada,2001,2,21452.38
Nevada,2003,13,325254.22
Nevada,2004,3,4578.04
Nevada,2005,73,1561495.61
Nevada,2006,16,505017.84
Nevada,2007,5,34368.71
Nevada,2008,7,34609.73
Nevada,2010,2,37902.83
Nevada,2011,3,13748.69
Nevada,2012,29,1002450.06
Nevada,2013,10,222499.9
Nevada,2014,45,1276434.63
Nevada,2015,19,280366.36
Nevada,2016,2,40666.13
New Hampshire,1996,182,1821763.36
New Hampshire,1997,8,55604.1
New Hampshire,1998,81,617214.1
New Hampshire,1999,5,39288.03
New Hampshire,2000,10,45475.18
New Hampshire,2001,21,172008.22
New Hampshire,2002,8,41240.13
New Hampshire,2003,15,108622.06
New Hampshire,2004,27,185720.04
New Hampshire,2005,108,1866311.94
New Hampshire,2006,490,9999427.32
New Hampshire,2007,387,9221036.73
New Hampshire,2008,29,230079.76
New Hampshire,2009,8,40731.53
New Hampshire,2010,118,1310253.49
New Hampshire,2011,95,1759847.52
New Hampshire,2012,32,618020.16
New Hampshire,2013,24,286153.78
New Hampshire,2014,18,155203.17
New Hampshire,2015,5,47853.28
New Hampshire,2016,1,2309.07
New Jersey,1996,2197,18710035.83
New Jersey,1997,519,3197949.24
New Jersey,1998,1957,15473432.4
New Jersey,1999,5735,100624693.86
New Jersey,2000,304,2140263.85
New Jersey,2001,119,790153.55
New Jersey,2002,124,663450.5
New Jersey,2003,324,1715999.55
New Jersey,2004,846,18737303.55
New Jersey,2005,2904,52933094.4
New Jersey,2006,1150,22061589.84
New Jersey,2007,5599,114000400.34
New Jersey,2008,327,3130510.63
New Jersey,2009,800,9495019.81
New Jersey,2010,4305,73038789.2
New Jersey,2011,17594,484196244.98
New Jersey,2012,65918,3659439359.29
New Jersey,2013,197,2090577.42
New Jersey,2014,360,4298485.99
New Jersey,2015,90,848317.47
New Jersey,2016,1047,17272789.02
New Mexico,1996,12,42745.91
New Mexico,1997,8,37439.77
New Mexico,1998,1,34593.83
New Mexico,1999,19,223394.42
New Mexico,2000,8,105027.6
New Mexico,2001,8,58558.09
New Mexico,2002,12,128942.5
New Mexico,2003,3,39056.17
New Mexico,2004,20,172606.68
New Mexico,2005,22,407173.34
New Mexico,2006,126,4546792.17
New Mexico,2007,8,94437.75
New Mexico,2008,58,2209577.88
New Mexico,2009,5,52250.8
New Mexico,2010,15,420672.23
New Mexico,2011,2,14229.15
New Mexico,2012,6,144240.3
New Mexico,2013,48,1782172.34
New Mexico,2014,21,506345.72
New Mexico,2015,17,376641.45
New Mexico,2016,10,134074.38
New York,1996,2742,29239192.72
New York,1997,139,1322173.19
New York,1998,671,6065830.62
New York,1999,806,8294108.24
New York,2000,275,2138286.29
New York,2001,128,1038162.15
New York,2002,157,1179936.11
New York,2003,373,3072159.55
New York,2004,689,9246586.89
New York,2005,4516,52443327.52
New York,2006,2161,58922956.11
New York,2007,2403,46807389.1
New York,2008,350,3615447.71
New York,2009,406,5370825.15
New York,2010,2098,18013541.97
New York,2011,16156,419473992.21
New York,2012,52838,3751594743.22
New York,2013,703,10301766.06
New York,2014,977,12662173.38
New York,2015,139,1377203.74
New York,2016,91,895041.61
North Carolina,1996,8852,164141376.4
North Carolina,1997,354,6896063.37
North Carolina,1998,2827,22089858.09
North Carolina,1999,11045,190292199.9
North Carolina,2000,173,2810022.57
North Carolina,2001,144,1071366.83
North Carolina,2002,146,1209386.57
North Carolina,2003,4992,83357041.37
North Carolina,2004,970,16646961.51
North Carolina,2005,1202,17249149.88
North Carolina,2006,1057,15780049.78
North Carolina,2007,76,917013.95
North Carolina,2008,619,16389821.04
North Carolina,2009,603,7259367.69
North Carolina,2010,944,13361956.67
North Carolina,2011,7079,137096217.71
North Carolina,2012,700,9991998.31
North Carolina,2013,326,7160544.57
North Carolina,2014,347,4076751.34
North Carolina,2015,409,7302994.36
North Carolina,2016,3195,78391258.3
North Dakota,1996,214,6838870.25
North Dakota,1997,3869,84860914.49
North Dakota,1998,63,4141469.44
North Dakota,1999,55,2645920.24
North Dakota,2000,38,653766.21
North Dakota,2001,139,2181901.09
North Dakota,2002,8,247086.72
North Dakota,2003,3,123130
North Dakota,2004,39,1097847.08
North Dakota,2005,7,103784.95
North Dakota,2006,66,618106.27
North Dakota,2007,4,23899.61
North Dakota,2008,2,14849.79
North Dakota,2009,1040,18765442.12
North Dakota,2010,270,3839488.55
North Dakota,2011,1407,89683315.34
North Dakota,2012,15,1057537.12
North Dakota,2013,95,1018544.37
North Dakota,2014,12,333264.04
North Dakota,2015,1,12659.08
North Dakota,2016,3,8693.86
Ohio,1996,279,1604275.66
Ohio,1997,1179,16597144.97
Ohio,1998,849,10271410.36
Ohio,1999,38,346980.98
Ohio,2000,209,1581024.05
Ohio,2001,127,1613133.25
Ohio,2002,104,1036582.35
Ohio,2003,524,6322779.69
Ohio,2004,1485,18578931.94
Ohio,2005,669,7385841.69
Ohio,2006,577,14573252.44
Ohio,2007,1160,30300832.59
Ohio,2008,616,7116680.65
Ohio,2009,181,1328710.53
Ohio,2010,107,1416913.27
Ohio,2011,1079,15216096.28
Ohio,2012,107,1243590.07
Ohio,2013,462,8794595.36
Ohio,2014,409,10310565.84
Ohio,2015,328,5781118.4
Ohio,2016,31,521146.2
Oklahoma,1996,74,892076.76
Oklahoma,1997,59,645634.96
Oklahoma,1998,180,2253094.27
Oklahoma,1999,151,2081087.53
Oklahoma,2000,367,6968545.69
Oklahoma,2001,29,381950.28
Oklahoma,2002,61,608953.95
Oklahoma,2003,20,58031.73
Oklahoma,2004,115,1742023.28
Oklahoma,2005,9,77678.48
Oklahoma,2006,29,1397162.21
Oklahoma,2007,721,23906953.62
Oklahoma,2008,232,6019428.9
Oklahoma,2009,94,2204618.42
Oklahoma,2010,143,4755997.2
Oklahoma,2011,85,2254738.73
Oklahoma,2012,20,503310
Oklahoma,2013,231,7441271.15
Oklahoma,2014,20,631404.87
Oklahoma,2015,544,23263191.73
Oklahoma,2016,129,6355551.42
Oregon,1996,1339,26380276.14
Oregon,1997,185,2132285.03
Oregon,1998,164,1856206.25
Oregon,1999,218,3481925.96
Oregon,2000,9,52906.97
Oregon,2001,2,1825.93
Oregon,2002,23,458568.42
Oregon,2003,25,280065.99
Oregon,2004,8,30041.21
Oregon,2005,97,2096812.31
Oregon,2006,111,2510168.34
Oregon,2007,344,12832759.66
Oregon,2008,19,219160.15
Oregon,2009,86,2035282.77
Oregon,2010,17,352717.4
Oregon,2011,38,1046457.95
Oregon,2012,263,5292495.81
Oregon,2013,2,14172.45
Oregon,2014,22,325527.77
Oregon,2015,187,4554380.71
Oregon,2016,5,70303.58
Pennsylvania,1996,8014,93362161.36
Pennsylvania,1997,285,1996408.86
Pennsylvania,1998,82,524578.39
Pennsylvania,1999,1739,36212214.58
Pennsylvania,2000,397,3696654.21
Pennsylvania,2001,448,12142448.7
Pennsylvania,2002,60,567199.16
Pennsylvania,2003,602,4617191.55
Pennsylvania,2004,7643,134220332.45
Pennsylvania,2005,1547,44600487.47
Pennsylvania,2006,3374,82321973.23
Pennsylvania,2007,324,2890259.14
Pennsylvania,2008,137,1036045.25
Pennsylvania,2009,466,6782101.54
Pennsylvania,2010,911,10768396.25
Pennsylvania,2011,7910,244436112.64
Pennsylvania,2012,212,2125260.1
Pennsylvania,2013,535,7228510.45
Pennsylvania,2014,442,7927917.82
Pennsylvania,2015,135,1320064.38
Pennsylvania,2016,116,1682066.1
Puerto Rico,1996,1189,11864921.07
Puerto Rico,1997,36,180919.1
Puerto Rico,1998,2422,18349140.98
Puerto Rico,1999,123,1198028
Puerto Rico,2000,66,299351
Puerto Rico,2001,222,1389908.32
Puerto Rico,2002,30,201085.48
Puerto Rico,2003,331,1612439.05
Puerto Rico,2004,601,4282873.52
Puerto Rico,2005,219,925880.27
Puerto Rico,2006,30,137233.51
Puerto Rico,2007,90,390305.49
Puerto Rico,2008,537,2712718.9
Puerto Rico,2009,295,3122368.76
Puerto Rico,2010,191,814031.12
Puerto Rico,2011,471,2928833.29
Puerto Rico,2012,99,712351.87
Puerto Rico,2013,177,1815723.82
Puerto Rico,2014,13,47409.49
Puerto Rico,2016,11,93247.25
Rhode Island,1996,10,13121.31
Rhode Island,1997,20,92593.15
Rhode Island,1998,48,193303.55
Rhode Island,1999,8,77563.4
Rhode Island,2000,5,96446.82
Rhode Island,2001,57,535427.17
Rhode Island,2002,3,30468.01
Rhode Island,2003,6,19441.51
Rhode Island,2004,6,17216.24
Rhode Island,2005,299,4110445.57
Rhode Island,2006,35,222086.6
Rhode Island,2007,58,551787
Rhode Island,2008,31,247460.09
Rhode Island,2009,20,91483.75
Rhode Island,2010,1312,22626219.65
Rhode Island,2011,37,342730.41
Rhode Island,2012,713,20515213.8
Rhode Island,2013,19,242638.5
Rhode Island,2014,22,123109.61
Rhode Island,2015,9,34881.25
Rhode Island,2016,1,4660.51
South Carolina,1996,284,2719053.04
South Carolina,1997,116,971895.99
South Carolina,1998,367,2773000.01
South Carolina,1999,985,19022137.29
South Carolina,2000,101,922678.39
South Carolina,2001,94,1467458.48
South Carolina,2002,103,1099952.48
South Carolina,2003,91,700976.68
South Carolina,2004,228,3284410.86
South Carolina,2005,151,1684087.75
South Carolina,2006,22,288177.48
South Carolina,2007,19,175851.72
South Carolina,2008,171,3836766.39
South Carolina,2009,100,1060847.26
South Carolina,2010,60,1004543.89
South Carolina,2011,49,1120457.27
South Carolina,2012,75,1308049.66
South Carolina,2013,177,2651222.26
South Carolina,2014,72,1528896.27
South Carolina,2015,4000,125992790.57
South Carolina,2016,2591,59324688.29
South Dakota,1996,23,234813.99
South Dakota,1997,478,7168809.93
South Dakota,1998,24,237679.89
South Dakota,1999,84,1232894.98
South Dakota,2000,1,50000
South Dakota,2001,95,620557.22
South Dakota,2002,1,9564.72
South Dakota,2003,1,4704.05
South Dakota,2004,7,25937.68
South Dakota,2005,3,4724.24
South Dakota,2006,1,1041.15
South Dakota,2007,173,2377731.76
South Dakota,2008,33,392216.71
South Dakota,2009,11,106101.51
South Dakota,2010,265,3378383.25
South Dakota,2011,531,11654557.52
South Dakota,2012,36,434678.28
South Dakota,2013,9,93016.56
South Dakota,2014,35,1135651.6
South Dakota,2015,30,398324.4
South Dakota,2016,1,88700
Tennessee,1996,114,1118396.91
Tennessee,1997,213,2425075.86
Tennessee,1998,377,4017969.76
Tennessee,1999,67,550209.93
Tennessee,2000,88,824935.62
Tennessee,2001,118,983266.93
Tennessee,2002,200,2191197.32
Tennessee,2003,674,9307463.22
Tennessee,2004,258,3869245.91
Tennessee,2005,16,196351.27
Tennessee,2006,28,395105.03
Tennessee,2007,6,57165.88
Tennessee,2008,32,340945.66
Tennessee,2009,401,8212888.63
Tennessee,2010,3784,161397576.35
Tennessee,2011,376,7937712.5
Tennessee,2012,75,1053538.6
Tennessee,2013,384,8127304.71
Tennessee,2014,137,4513644.32
Tennessee,2015,74,956040.95
Tennessee,2016,113,2438571.53
Texas,1996,719,8910673
Texas,1997,2462,32319690.94
Texas,1998,9618,240796141.07
Texas,1999,803,6808582.73
Texas,2000,875,11863004.67
Texas,2001,24535,911661550.13
Texas,2002,7109,165426226.11
Texas,2003,2740,42776941.11
Texas,2004,2201,53285404.66
Texas,2005,1894,49274107.03
Texas,2006,3687,85894240.06
Texas,2007,3148,76083820.52
Texas,2008,34066,1964114221.25
Texas,2009,5434,158330076.47
Texas,2010,1705,61445305.44
Texas,2011,82,1019572.16
Texas,2012,1431,32034739.75
Texas,2013,1412,59636500.02
Texas,2014,693,11729440.06
Texas,2015,9535,512933874.75
Texas,2016,10858,608347840.61
Utah,1996,2,6338.67
Utah,1997,6,18933.82
Utah,1998,3,3061.72
Utah,1999,2,3477.23
Utah,2000,1,123.94
Utah,2001,3,5642.98
Utah,2002,2,48269.18
Utah,2003,1,9396.67
Utah,2004,3,15713.28
Utah,2005,22,121466.48
Utah,2006,8,79749.55
Utah,2007,8,246153.47
Utah,2008,4,31812.74
Utah,2009,4,49322.92
Utah,2010,7,135126.08
Utah,2011,29,187244.84
Utah,2012,5,8048.58
Utah,2013,12,79076.4
Utah,2014,7,171678.37
Utah,2015,11,43945.53
Utah,2016,2,52201.14
Vermont,1996,24,141263.68
Vermont,1997,21,223169.07
Vermont,1998,44,606035.49
Vermont,1999,1,231.32
Vermont,2000,29,188054.87
Vermont,2001,1,4934.73
Vermont,2002,28,337755.84
Vermont,2003,3,18653.68
Vermont,2004,2,5406.67
Vermont,2005,6,22415.61
Vermont,2006,11,127194.43
Vermont,2007,22,162951.55
Vermont,2008,25,515348.55
Vermont,2009,14,159382.58
Vermont,2010,9,113686.61
Vermont,2011,920,32016876.5
Vermont,2012,5,44750.47
Vermont,2013,27,262061.64
Vermont,2014,16,102292.19
Vermont,2015,22,244314.39
Vermont,2016,3,17380.67
Virginia,1996,1299,23127944.08
Virginia,1997,41,430035.67
Virginia,1998,1310,8011139.4
Virginia,1999,1515,14902955.99
Virginia,2000,109,659478.94
Virginia,2001,100,1392020.53
Virginia,2002,171,1492883.51
Virginia,2003,9748,202803904.6
Virginia,2004,502,10435314.3
Virginia,2005,55,697691.85
Virginia,2006,2101,32336350.83
Virginia,2007,14,120600.16
Virginia,2008,188,2129193.22
Virginia,2009,5759,96020598.94
Virginia,2010,217,2026701.23
Virginia,2011,2710,38337419.54
Virginia,2012,1132,21652906.99
Virginia,2013,198,2106710.5
Virginia,2014,289,6611454.06
Virginia,2015,336,4034726.8
Virginia,2016,1588,46416603.85
Washington,1996,1429,28553407.26
Washington,1997,283,3842780.28
Washington,1998,79,1167233.01
Washington,1999,122,1992101.64
Washington,2000,17,263028.78
Washington,2001,47,832653.08
Washington,2002,22,157559.76
Washington,2003,323,6100426.24
Washington,2004,31,281951.09
Washington,2005,19,252261.29
Washington,2006,1126,29029141.06
Washington,2007,812,31291109.51
Washington,2008,78,869671.69
Washington,2009,1391,36652968.02
Washington,2010,135,2239360.26
Washington,2011,84,1247673.24
Washington,2012,109,3089132.16
Washington,2013,32,313449.01
Washington,2014,56,3716804.94
Washington,2015,509,9528652.06
Washington,2016,86,1781074.07
West Virginia,1996,3057,37635314.91
West Virginia,1997,535,5925896.59
West Virginia,1998,374,5504714.08
West Virginia,1999,21,164656.45
West Virginia,2000,333,2561618.3
West Virginia,2001,700,9802618.37
West Virginia,2002,406,3477932.7
West Virginia,2003,1337,13160914.57
West Virginia,2004,2212,31977377.92
West Virginia,2005,382,2617412.46
West Virginia,2006,53,844843.52
West Virginia,2007,239,2789537.75
West Virginia,2008,118,1281688.08
West Virginia,2009,335,4412936.11
West Virginia,2010,523,7498569.16
West Virginia,2011,89,701251.73
West Virginia,2012,136,2186368.67
West Virginia,2013,103,1785021.04
West Virginia,2014,45,450587.83
West Virginia,2015,200,3396844.37
West Virginia,2016,821,32903278.77
Wisconsin,1996,57,237472.59
Wisconsin,1997,665,5749142.51
Wisconsin,1998,626,4375333.6
Wisconsin,1999,36,179757.22
Wisconsin,2000,75,438373.49
Wisconsin,2001,188,1654036.85
Wisconsin,2002,26,475692.16
Wisconsin,2003,15,726754.23
Wisconsin,2004,173,1312148.17
Wisconsin,2005,8,65140.93
Wisconsin,2006,11,49407.73
Wisconsin,2007,138,2949931.18
Wisconsin,2008,1238,25774960.4
Wisconsin,2009,50,452078.29
Wisconsin,2010,363,4931613.67
Wisconsin,2011,54,320070.92
Wisconsin,2012,17,57474.39
Wisconsin,2013,73,846245.59
Wisconsin,2014,33,256682.8
Wisconsin,2015,18,115397.21
Wisconsin,2016,49,934159.59
Wyoming,1996,3,32140.24
Wyoming,1997,17,175578.59
Wyoming,1999,2,123.12
Wyoming,2000,1,569.76
Wyoming,2002,1,4695.27
Wyoming,2003,1,10132.57
Wyoming,2005,6,14979.03
Wyoming,2007,6,31877.21
Wyoming,2008,6,30385.13
Wyoming,2009,6,49096.48
Wyoming,2010,8,38542.38
Wyoming,2011,14,97775.83
Wyoming,2012,2,149663.26
Wyoming,2013,5,16053.64
Wyoming,2014,5,40764.67
Wyoming,2015,15,123338.38
Wyoming,2016,6,85121.81
Alabama,NA,NA,NA
Alaska,NA,NA,NA
Arizona,NA,NA,NA
Arkansas,NA,NA,NA
California,NA,NA,NA
Colorado,NA,NA,NA
Connecticut,NA,NA,NA
Delaware,NA,NA,NA
District of Columbia,NA,NA,NA
Florida,NA,NA,NA
Georgia,NA,NA,NA
Hawaii,NA,NA,NA
Idaho,NA,NA,NA
Illinois,NA,NA,NA
Indiana,NA,NA,NA
Iowa,NA,NA,NA
Kansas,NA,NA,NA
Kentucky,NA,NA,NA
Louisiana,NA,NA,NA
Maine,NA,NA,NA
Maryland,NA,NA,NA
Massachusetts,NA,NA,NA
Michigan,NA,NA,NA
Minnesota,NA,NA,NA
Mississippi,NA,NA,NA
Missouri,NA,NA,NA
Montana,NA,NA,NA
Nebraska,NA,NA,NA
Nevada,NA,NA,NA
New Hampshire,NA,NA,NA
New Jersey,NA,NA,NA
New Mexico,NA,NA,NA
New York,NA,NA,NA
North Carolina,NA,NA,NA
North Dakota,NA,NA,NA
Ohio,NA,NA,NA
Oklahoma,NA,NA,NA
Oregon,NA,NA,NA
Pennsylvania,NA,NA,NA
Rhode Island,NA,NA,NA
South Carolina,NA,NA,NA
South Dakota,NA,NA,NA
Tennessee,NA,NA,NA
Texas,NA,NA,NA
Utah,NA,NA,NA
Vermont,NA,NA,NA
Virginia,NA,NA,NA
Washington,NA,NA,NA
West Virginia,NA,NA,NA
Wisconsin,NA,NA,NA
Wyoming,NA,NA,NA
Northern Mariana Islands,NA,NA,NA
Puerto Rico,NA,NA,NA
American Samoa,NA,NA,NA
Virgin Islands,NA,NA,NA
Guam,NA,NA,NA
Federated States of Micronesia,NA,NA,NA
Palau,NA,NA,NA
Marshall Islands,NA,NA,NA
